ESG Prone Non-Sensitive Industries (0),ESG Prone Sensitive Industries (1),,,,,,,,,,,,,,,,,,,,,,,,,,,,,,,,,,,,,,,,,,
MSIL IN Equity,TTCH IN Equity,,,,,,,,,,,,,,,,,,,,,,,,,,,,,,,,,,,,,,,,,,
TTMT IN Equity,NFIL IN Equity,,,,,,,,,,,,,,,,,,,,,,,,,,,,,,,,,,,,,,,,,,
MM IN Equity,GNFC IN Equity,,,,,,,,,,,,,,,,,,,,,,,,,,,,,,,,,,,,,,,,,,
OLECTRA IN Equity,DFPC IN Equity,,,,,,,,,,,,,,,,,,,,,,,,,,,,,,,,,,,,,,,,,,
FML IN Equity,GHCL IN Equity,,,,,,,,,,,,,,,,,,,,,,,,,,,,,,,,,,,,,,,,,,
BJAUT IN Equity,GALK IN Equity,,,,,,,,,,,,,,,,,,,,,,,,,,,,,,,,,,,,,,,,,,
EIM IN Equity,GW IN Equity,,,,,,,,,,,,,,,,,,,,,,,,,,,,,,,,,,,,,,,,,,
TVSL IN Equity,TMC IN Equity,,,,,,,,,,,,,,,,,,,,,,,,,,,,,,,,,,,,,,,,,,
HMCL IN Equity,IGLY IN Equity,,,,,,,,,,,,,,,,,,,,,,,,,,,,,,,,,,,,,,,,,,
MOTHERSO IN Equity,BEPL IN Equity,,,,,,,,,,,,,,,,,,,,,,,,,,,,,,,,,,,,,,,,,,
BOS IN Equity,IGPL IN Equity,,,,,,,,,,,,,,,,,,,,,,,,,,,,,,,,,,,,,,,,,,
SCHFL IN Equity,PIDI IN Equity,,,,,,,,,,,,,,,,,,,,,,,,,,,,,,,,,,,,,,,,,,
SONACOMS IN Equity,SRF IN Equity,,,,,,,,,,,,,,,,,,,,,,,,,,,,,,,,,,,,,,,,,,
UNOMINDA IN Equity,ATLP IN Equity,,,,,,,,,,,,,,,,,,,,,,,,,,,,,,,,,,,,,,,,,,
MSUMI IN Equity,VO IN Equity,,,,,,,,,,,,,,,,,,,,,,,,,,,,,,,,,,,,,,,,,,
SF IN Equity,ARTO IN Equity,,,,,,,,,,,,,,,,,,,,,,,,,,,,,,,,,,,,,,,,,,
ENDU IN Equity,AACL IN Equity,,,,,,,,,,,,,,,,,,,,,,,,,,,,,,,,,,,,,,,,,,
EXID IN Equity,BASF IN Equity,,,,,,,,,,,,,,,,,,,,,,,,,,,,,,,,,,,,,,,,,,
JBMA IN Equity,HSCH IN Equity,,,,,,,,,,,,,,,,,,,,,,,,,,,,,,,,,,,,,,,,,,
AISG IN Equity,SPPT IN Equity,,,,,,,,,,,,,,,,,,,,,,,,,,,,,,,,,,,,,,,,,,
RGW IN Equity,BLA IN Equity,,,,,,,,,,,,,,,,,,,,,,,,,,,,,,,,,,,,,,,,,,
NRBBR IN Equity,PRIVISCL IN Equity,,,,,,,,,,,,,,,,,,,,,,,,,,,,,,,,,,,,,,,,,,
STRT IN Equity,NOCIL IN Equity,,,,,,,,,,,,,,,,,,,,,,,,,,,,,,,,,,,,,,,,,,
MRF IN Equity,CFIN IN Equity,,,,,,,,,,,,,,,,,,,,,,,,,,,,,,,,,,,,,,,,,,
APTY IN Equity,FSC IN Equity,,,,,,,,,,,,,,,,,,,,,,,,,,,,,,,,,,,,,,,,,,
CEAT IN Equity,STYRENIX IN Equity,,,,,,,,,,,,,,,,,,,,,,,,,,,,,,,,,,,,,,,,,,
JKI IN Equity,OAL IN Equity,,,,,,,,,,,,,,,,,,,,,,,,,,,,,,,,,,,,,,,,,,
APCO IN Equity,EXL IN Equity,,,,,,,,,,,,,,,,,,,,,,,,,,,,,,,,,,,,,,,,,,
ZCVCS IN Equity,PCBL IN Equity,,,,,,,,,,,,,,,,,,,,,,,,,,,,,,,,,,,,,,,,,,
TIINDIA IN Equity,SCHI IN Equity,,,,,,,,,,,,,,,,,,,,,,,,,,,,,,,,,,,,,,,,,,
HAVL IN Equity,KIRI IN Equity,,,,,,,,,,,,,,,,,,,,,,,,,,,,,,,,,,,,,,,,,,
DIXON IN Equity,SOIL IN Equity,,,,,,,,,,,,,,,,,,,,,,,,,,,,,,,,,,,,,,,,,,
SYML IN Equity,GOCL IN Equity,,,,,,,,,,,,,,,,,,,,,,,,,,,,,,,,,,,,,,,,,,
HIL IN Equity,RINDL IN Equity,,,,,,,,,,,,,,,,,,,,,,,,,,,,,,,,,,,,,,,,,,
KJC IN Equity,DCW IN Equity,,,,,,,,,,,,,,,,,,,,,,,,,,,,,,,,,,,,,,,,,,
SOMC IN Equity,MPCH IN Equity,,,,,,,,,,,,,,,,,,,,,,,,,,,,,,,,,,,,,,,,,,
TTAN IN Equity,INMART IN Equity,,,,,,,,,,,,,,,,,,,,,,,,,,,,,,,,,,,,,,,,,,
KALYANKJ IN Equity,LIIL IN Equity,,,,,,,,,,,,,,,,,,,,,,,,,,,,,,,,,,,,,,,,,,
RJEX IN Equity,REFX IN Equity,,,,,,,,,,,,,,,,,,,,,,,,,,,,,,,,,,,,,,,,,,
PCJL IN Equity,CRIN IN Equity,,,,,,,,,,,,,,,,,,,,,,,,,,,,,,,,,,,,,,,,,,
LOG IN Equity,FCT IN Equity,,,,,,,,,,,,,,,,,,,,,,,,,,,,,,,,,,,,,,,,,,
VOLT IN Equity,CHMB IN Equity,,,,,,,,,,,,,,,,,,,,,,,,,,,,,,,,,,,,,,,,,,
WHIRL IN Equity,EID IN Equity,,,,,,,,,,,,,,,,,,,,,,,,,,,,,,,,,,,,,,,,,,
CROMPTON IN Equity,GSFC IN Equity,,,,,,,,,,,,,,,,,,,,,,,,,,,,,,,,,,,,,,,,,,
BLSTR IN Equity,RCF IN Equity,,,,,,,,,,,,,,,,,,,,,,,,,,,,,,,,,,,,,,,,,,
VGRD IN Equity,NFL IN Equity,,,,,,,,,,,,,,,,,,,,,,,,,,,,,,,,,,,,,,,,,,
BJE IN Equity,MCF IN Equity,,,,,,,,,,,,,,,,,,,,,,,,,,,,,,,,,,,,,,,,,,
TTKPT IN Equity,PI IN Equity,,,,,,,,,,,,,,,,,,,,,,,,,,,,,,,,,,,,,,,,,,
AMBER IN Equity,UPLL IN Equity,,,,,,,,,,,,,,,,,,,,,,,,,,,,,,,,,,,,,,,,,,
IFBI IN Equity,SUMICHEM IN Equity,,,,,,,,,,,,,,,,,,,,,,,,,,,,,,,,,,,,,,,,,,
JCHAC IN Equity,BYRCS IN Equity,,,,,,,,,,,,,,,,,,,,,,,,,,,,,,,,,,,,,,,,,,
MUNI IN Equity,RALI IN Equity,,,,,,,,,,,,,,,,,,,,,,,,,,,,,,,,,,,,,,,,,,
VIP IN Equity,SHCR IN Equity,,,,,,,,,,,,,,,,,,,,,,,,,,,,,,,,,,,,,,,,,,
CPBI IN Equity,DAGRI IN Equity,,,,,,,,,,,,,,,,,,,,,,,,,,,,,,,,,,,,,,,,,,
MTLM IN Equity,INST IN Equity,,,,,,,,,,,,,,,,,,,,,,,,,,,,,,,,,,,,,,,,,,
CRS IN Equity,PCCP IN Equity,,,,,,,,,,,,,,,,,,,,,,,,,,,,,,,,,,,,,,,,,,
APNT IN Equity,BCHI IN Equity,,,,,,,,,,,,,,,,,,,,,,,,,,,,,,,,,,,,,,,,,,
BRGR IN Equity,SPET IN Equity,,,,,,,,,,,,,,,,,,,,,,,,,,,,,,,,,,,,,,,,,,
KNPL IN Equity,UTCEM IN Equity,,,,,,,,,,,,,,,,,,,,,,,,,,,,,,,,,,,,,,,,,,
AKZO IN Equity,GRASIM IN Equity,,,,,,,,,,,,,,,,,,,,,,,,,,,,,,,,,,,,,,,,,,
METROBRA IN Equity,SRCM IN Equity,,,,,,,,,,,,,,,,,,,,,,,,,,,,,,,,,,,,,,,,,,
RLXF IN Equity,ACEM IN Equity,,,,,,,,,,,,,,,,,,,,,,,,,,,,,,,,,,,,,,,,,,
BATA IN Equity,DALBHARA IN Equity,,,,,,,,,,,,,,,,,,,,,,,,,,,,,,,,,,,,,,,,,,
DBCL IN Equity,ACC IN Equity,,,,,,,,,,,,,,,,,,,,,,,,,,,,,,,,,,,,,,,,,,
JAGP IN Equity,JKCE IN Equity,,,,,,,,,,,,,,,,,,,,,,,,,,,,,,,,,,,,,,,,,,
PVRINOX IN Equity,TRCL IN Equity,,,,,,,,,,,,,,,,,,,,,,,,,,,,,,,,,,,,,,,,,,
PRIF IN Equity,BCORP IN Equity,,,,,,,,,,,,,,,,,,,,,,,,,,,,,,,,,,,,,,,,,,
NETM IN Equity,JKLC IN Equity,,,,,,,,,,,,,,,,,,,,,,,,,,,,,,,,,,,,,,,,,,
Z IN Equity,ICEM IN Equity,,,,,,,,,,,,,,,,,,,,,,,,,,,,,,,,,,,,,,,,,,
SUNTV IN Equity,PRSMJ IN Equity,,,,,,,,,,,,,,,,,,,,,,,,,,,,,,,,,,,,,,,,,,
TV18 IN Equity,HEIM IN Equity,,,,,,,,,,,,,,,,,,,,,,,,,,,,,,,,,,,,,,,,,,
HATH IN Equity,ORCMNT IN Equity,,,,,,,,,,,,,,,,,,,,,,,,,,,,,,,,,,,,,,,,,,
DEN IN Equity,SGC IN Equity,,,,,,,,,,,,,,,,,,,,,,,,,,,,,,,,,,,,,,,,,,
TVTN IN Equity,SNGI IN Equity,,,,,,,,,,,,,,,,,,,,,,,,,,,,,,,,,,,,,,,,,,
NELI IN Equity,KSI IN Equity,,,,,,,,,,,,,,,,,,,,,,,,,,,,,,,,,,,,,,,,,,
DITV IN Equity,EVI IN Equity,,,,,,,,,,,,,,,,,,,,,,,,,,,,,,,,,,,,,,,,,,
IH IN Equity,KCPL IN Equity,,,,,,,,,,,,,,,,,,,,,,,,,,,,,,,,,,,,,,,,,,
EIH IN Equity,DIGV IN Equity,,,,,,,,,,,,,,,,,,,,,,,,,,,,,,,,,,,,,,,,,,
MHRL IN Equity,DN IN Equity,,,,,,,,,,,,,,,,,,,,,,,,,,,,,,,,,,,,,,,,,,
JUBI IN Equity,RAMCO IN Equity,,,,,,,,,,,,,,,,,,,,,,,,,,,,,,,,,,,,,,,,,,
DEVYANI IN Equity,MAIT IN Equity,,,,,,,,,,,,,,,,,,,,,,,,,,,,,,,,,,,,,,,,,,
WESTLIFE IN Equity,KKF IN Equity,,,,,,,,,,,,,,,,,,,,,,,,,,,,,,,,,,,,,,,,,,
DELTA IN Equity,TML IN Equity,,,,,,,,,,,,,,,,,,,,,,,,,,,,,,,,,,,,,,,,,,
WONH IN Equity,LLOYDSME IN Equity,,,,,,,,,,,,,,,,,,,,,,,,,,,,,,,,,,,,,,,,,,
IRCTC IN Equity,JSTL IN Equity,,,,,,,,,,,,,,,,,,,,,,,,,,,,,,,,,,,,,,,,,,
TC IN Equity,TATA IN Equity,,,,,,,,,,,,,,,,,,,,,,,,,,,,,,,,,,,,,,,,,,
MANYAVAR IN Equity,JSP IN Equity,,,,,,,,,,,,,,,,,,,,,,,,,,,,,,,,,,,,,,,,,,
ABFRL IN Equity,SAIL IN Equity,,,,,,,,,,,,,,,,,,,,,,,,,,,,,,,,,,,,,,,,,,
DMART IN Equity,JDSL IN Equity,,,,,,,,,,,,,,,,,,,,,,,,,,,,,,,,,,,,,,,,,,
DCMS IN Equity,JBIL IN Equity,,,,,,,,,,,,,,,,,,,,,,,,,,,,,,,,,,,,,,,,,,
SHOP IN Equity,PKI IN Equity,,,,,,,,,,,,,,,,,,,,,,,,,,,,,,,,,,,,,,,,,,
ZOMATO IN Equity,HNDL IN Equity,,,,,,,,,,,,,,,,,,,,,,,,,,,,,,,,,,,,,,,,,,
NYKAA IN Equity,HCP IN Equity,,,,,,,,,,,,,,,,,,,,,,,,,,,,,,,,,,,,,,,,,,
INFOE IN Equity,HZ IN Equity,,,,,,,,,,,,,,,,,,,,,,,,,,,,,,,,,,,,,,,,,,
KRB IN Equity,VEDL IN Equity,,,,,,,,,,,,,,,,,,,,,,,,,,,,,,,,,,,,,,,,,,
KSCL IN Equity,NMDC IN Equity,,,,,,,,,,,,,,,,,,,,,,,,,,,,,,,,,,,,,,,,,,
UNSP IN Equity,GMDC IN Equity,,,,,,,,,,,,,,,,,,,,,,,,,,,,,,,,,,,,,,,,,,
UBBL IN Equity,GRAV IN Equity,,,,,,,,,,,,,,,,,,,,,,,,,,,,,,,,,,,,,,,,,,
TLNGR IN Equity,MOIL IN Equity,,,,,,,,,,,,,,,,,,,,,,,,,,,,,,,,,,,,,,,,,,
VBL IN Equity,OMDC IN Equity,,,,,,,,,,,,,,,,,,,,,,,,,,,,,,,,,,,,,,,,,,
GP IN Equity,ASMN IN Equity,,,,,,,,,,,,,,,,,,,,,,,,,,,,,,,,,,,,,,,,,,
VST IN Equity,ADE IN Equity,,,,,,,,,,,,,,,,,,,,,,,,,,,,,,,,,,,,,,,,,,
HTSMF IN Equity,ADANI IN Equity,,,,,,,,,,,,,,,,,,,,,,,,,,,,,,,,,,,,,,,,,,
NEST IN Equity,BIL IN Equity,,,,,,,,,,,,,,,,,,,,,,,,,,,,,,,,,,,,,,,,,,
BRIT IN Equity,CENT IN Equity,,,,,,,,,,,,,,,,,,,,,,,,,,,,,,,,,,,,,,,,,,
ZYWL IN Equity,JKPAPER IN Equity,,,,,,,,,,,,,,,,,,,,,,,,,,,,,,,,,,,,,,,,,,
BBTC IN Equity,WCPM IN Equity,,,,,,,,,,,,,,,,,,,,,,,,,,,,,,,,,,,,,,,,,,
GCPL IN Equity,SPB IN Equity,,,,,,,,,,,,,,,,,,,,,,,,,,,,,,,,,,,,,,,,,,
DABUR IN Equity,ANHPR IN Equity,,,,,,,,,,,,,,,,,,,,,,,,,,,,,,,,,,,,,,,,,,
CLGT IN Equity,TNNP IN Equity,,,,,,,,,,,,,,,,,,,,,,,,,,,,,,,,,,,,,,,,,,
PG IN Equity,KAUN IN Equity,,,,,,,,,,,,,,,,,,,,,,,,,,,,,,,,,,,,,,,,,,
HMN IN Equity,PAG IN Equity,,,,,,,,,,,,,,,,,,,,,,,,,,,,,,,,,,,,,,,,,,
GILL IN Equity,KPR IN Equity,,,,,,,,,,,,,,,,,,,,,,,,,,,,,,,,,,,,,,,,,,
BAJAJCON IN Equity,RW IN Equity,,,,,,,,,,,,,,,,,,,,,,,,,,,,,,,,,,,,,,,,,,
JYL IN Equity,TRID IN Equity,,,,,,,,,,,,,,,,,,,,,,,,,,,,,,,,,,,,,,,,,,
EVRIN IN Equity,ALOK IN Equity,,,,,,,,,,,,,,,,,,,,,,,,,,,,,,,,,,,,,,,,,,
HUVR IN Equity,WLSI IN Equity,,,,,,,,,,,,,,,,,,,,,,,,,,,,,,,,,,,,,,,,,,
ITC IN Equity,ARVND IN Equity,,,,,,,,,,,,,,,,,,,,,,,,,,,,,,,,,,,,,,,,,,
3M IN Equity,VTEX IN Equity,,,,,,,,,,,,,,,,,,,,,,,,,,,,,,,,,,,,,,,,,,
RDCK IN Equity,KTG IN Equity,,,,,,,,,,,,,,,,,,,,,,,,,,,,,,,,,,,,,,,,,,
POWF IN Equity,BD IN Equity,,,,,,,,,,,,,,,,,,,,,,,,,,,,,,,,,,,,,,,,,,
IRFC IN Equity,DLFU IN Equity,,,,,,,,,,,,,,,,,,,,,,,,,,,,,,,,,,,,,,,,,,
RECL IN Equity,TRENT IN Equity,,,,,,,,,,,,,,,,,,,,,,,,,,,,,,,,,,,,,,,,,,
HUDCO IN Equity,LODHA IN Equity,,,,,,,,,,,,,,,,,,,,,,,,,,,,,,,,,,,,,,,,,,
IFCI IN Equity,GPL IN Equity,,,,,,,,,,,,,,,,,,,,,,,,,,,,,,,,,,,,,,,,,,
HDFC IN Equity,OBER IN Equity,,,,,,,,,,,,,,,,,,,,,,,,,,,,,,,,,,,,,,,,,,
LICHF IN Equity,PHNX IN Equity,,,,,,,,,,,,,,,,,,,,,,,,,,,,,,,,,,,,,,,,,,
CANF IN Equity,PEPL IN Equity,,,,,,,,,,,,,,,,,,,,,,,,,,,,,,,,,,,,,,,,,,
IHFL IN Equity,BRGD IN Equity,,,,,,,,,,,,,,,,,,,,,,,,,,,,,,,,,,,,,,,,,,
REPCO IN Equity,MLIFE IN Equity,,,,,,,,,,,,,,,,,,,,,,,,,,,,,,,,,,,,,,,,,,
SI IN Equity,SWAN IN Equity,,,,,,,,,,,,,,,,,,,,,,,,,,,,,,,,,,,,,,,,,,
ABCAP IN Equity,ARCP IN Equity,,,,,,,,,,,,,,,,,,,,,,,,,,,,,,,,,,,,,,,,,,
LTFH IN Equity,SOBHA IN Equity,,,,,,,,,,,,,,,,,,,,,,,,,,,,,,,,,,,,,,,,,,
UTNIFTY IN Equity,DBRL IN Equity,,,,,,,,,,,,,,,,,,,,,,,,,,,,,,,,,,,,,,,,,,
NAM IN Equity,SRIN IN Equity,,,,,,,,,,,,,,,,,,,,,,,,,,,,,,,,,,,,,,,,,,
CHOLAHLD IN Equity,IBREL IN Equity,,,,,,,,,,,,,,,,,,,,,,,,,,,,,,,,,,,,,,,,,,
CAMS IN Equity,KPDL IN Equity,,,,,,,,,,,,,,,,,,,,,,,,,,,,,,,,,,,,,,,,,,
RELG IN Equity,PURVA IN Equity,,,,,,,,,,,,,,,,,,,,,,,,,,,,,,,,,,,,,,,,,,
JM IN Equity,ASFI IN Equity,,,,,,,,,,,,,,,,,,,,,,,,,,,,,,,,,,,,,,,,,,
SWH IN Equity,AREAL IN Equity,,,,,,,,,,,,,,,,,,,,,,,,,,,,,,,,,,,,,,,,,,
BAF IN Equity,PRE IN Equity,,,,,,,,,,,,,,,,,,,,,,,,,,,,,,,,,,,,,,,,,,
JIOFIN IN Equity,EMBASSY IN Equity,,,,,,,,,,,,,,,,,,,,,,,,,,,,,,,,,,,,,,,,,,
CIFC IN Equity,NXST IN Equity,,,,,,,,,,,,,,,,,,,,,,,,,,,,,,,,,,,,,,,,,,
SBICARD IN Equity,MINDSPCE IN Equity,,,,,,,,,,,,,,,,,,,,,,,,,,,,,,,,,,,,,,,,,,
MANKIND IN Equity,DLFU IN Equity,,,,,,,,,,,,,,,,,,,,,,,,,,,,,,,,,,,,,,,,,,
MUTH IN Equity,TRENT IN Equity,,,,,,,,,,,,,,,,,,,,,,,,,,,,,,,,,,,,,,,,,,
MMFS IN Equity,LODHA IN Equity,,,,,,,,,,,,,,,,,,,,,,,,,,,,,,,,,,,,,,,,,,
POONAWAL IN Equity,GPL IN Equity,,,,,,,,,,,,,,,,,,,,,,,,,,,,,,,,,,,,,,,,,,
SUF IN Equity,OBER IN Equity,,,,,,,,,,,,,,,,,,,,,,,,,,,,,,,,,,,,,,,,,,
PIEL IN Equity,PHNX IN Equity,,,,,,,,,,,,,,,,,,,,,,,,,,,,,,,,,,,,,,,,,,
IIFL IN Equity,PEPL IN Equity,,,,,,,,,,,,,,,,,,,,,,,,,,,,,,,,,,,,,,,,,,
FIVESTAR IN Equity,BRGD IN Equity,,,,,,,,,,,,,,,,,,,,,,,,,,,,,,,,,,,,,,,,,,
MGFL IN Equity,MLIFE IN Equity,,,,,,,,,,,,,,,,,,,,,,,,,,,,,,,,,,,,,,,,,,
TICL IN Equity,SWAN IN Equity,,,,,,,,,,,,,,,,,,,,,,,,,,,,,,,,,,,,,,,,,,
PAISALO IN Equity,ARCP IN Equity,,,,,,,,,,,,,,,,,,,,,,,,,,,,,,,,,,,,,,,,,,
PTCIF IN Equity,SOBHA IN Equity,,,,,,,,,,,,,,,,,,,,,,,,,,,,,,,,,,,,,,,,,,
SHFL IN Equity,DBRL IN Equity,,,,,,,,,,,,,,,,,,,,,,,,,,,,,,,,,,,,,,,,,,
CRISIL IN Equity,SRIN IN Equity,,,,,,,,,,,,,,,,,,,,,,,,,,,,,,,,,,,,,,,,,,
MAXF IN Equity,IBREL IN Equity,,,,,,,,,,,,,,,,,,,,,,,,,,,,,,,,,,,,,,,,,,
360ONE IN Equity,KPDL IN Equity,,,,,,,,,,,,,,,,,,,,,,,,,,,,,,,,,,,,,,,,,,
BJFIN IN Equity,PURVA IN Equity,,,,,,,,,,,,,,,,,,,,,,,,,,,,,,,,,,,,,,,,,,
BJHI IN Equity,ASFI IN Equity,,,,,,,,,,,,,,,,,,,,,,,,,,,,,,,,,,,,,,,,,,
EDEL IN Equity,AREAL IN Equity,,,,,,,,,,,,,,,,,,,,,,,,,,,,,,,,,,,,,,,,,,
RHL IN Equity,PRE IN Equity,,,,,,,,,,,,,,,,,,,,,,,,,,,,,,,,,,,,,,,,,,
CREDAG IN Equity,EMBASSY IN Equity,,,,,,,,,,,,,,,,,,,,,,,,,,,,,,,,,,,,,,,,,,
SBIN IN Equity,NXST IN Equity,,,,,,,,,,,,,,,,,,,,,,,,,,,,,,,,,,,,,,,,,,
BOB IN Equity,MINDSPCE IN Equity,,,,,,,,,,,,,,,,,,,,,,,,,,,,,,,,,,,,,,,,,,
PNB IN Equity,GAIL IN Equity,,,,,,,,,,,,,,,,,,,,,,,,,,,,,,,,,,,,,,,,,,
UNBK IN Equity,GUJGA IN Equity,,,,,,,,,,,,,,,,,,,,,,,,,,,,,,,,,,,,,,,,,,
CBK IN Equity,GUJS IN Equity,,,,,,,,,,,,,,,,,,,,,,,,,,,,,,,,,,,,,,,,,,
IOB IN Equity,ATGL IN Equity,,,,,,,,,,,,,,,,,,,,,,,,,,,,,,,,,,,,,,,,,,
INBK IN Equity,IGL IN Equity,,,,,,,,,,,,,,,,,,,,,,,,,,,,,,,,,,,,,,,,,,
UCO IN Equity,PLNG IN Equity,,,,,,,,,,,,,,,,,,,,,,,,,,,,,,,,,,,,,,,,,,
BOI IN Equity,MAHGL IN Equity,,,,,,,,,,,,,,,,,,,,,,,,,,,,,,,,,,,,,,,,,,
CBOI IN Equity,AGIS IN Equity,,,,,,,,,,,,,,,,,,,,,,,,,,,,,,,,,,,,,,,,,,
BOMH IN Equity,ONGC IN Equity,,,,,,,,,,,,,,,,,,,,,,,,,,,,,,,,,,,,,,,,,,
PJSB IN Equity,OINL IN Equity,,,,,,,,,,,,,,,,,,,,,,,,,,,,,,,,,,,,,,,,,,
HDFCB IN Equity,HOE IN Equity,,,,,,,,,,,,,,,,,,,,,,,,,,,,,,,,,,,,,,,,,,
ICICIBC IN Equity,RELIANCE IN Equity,,,,,,,,,,,,,,,,,,,,,,,,,,,,,,,,,,,,,,,,,,
KMB IN Equity,IOCL IN Equity,,,,,,,,,,,,,,,,,,,,,,,,,,,,,,,,,,,,,,,,,,
AXSB IN Equity,BPCL IN Equity,,,,,,,,,,,,,,,,,,,,,,,,,,,,,,,,,,,,,,,,,,
IIB IN Equity,HPCL IN Equity,,,,,,,,,,,,,,,,,,,,,,,,,,,,,,,,,,,,,,,,,,
IDBI IN Equity,MRPL IN Equity,,,,,,,,,,,,,,,,,,,,,,,,,,,,,,,,,,,,,,,,,,
IDFCFB IN Equity,CSTRL IN Equity,,,,,,,,,,,,,,,,,,,,,,,,,,,,,,,,,,,,,,,,,,
YES IN Equity,AMRJ IN Equity,,,,,,,,,,,,,,,,,,,,,,,,,,,,,,,,,,,,,,,,,,
BANDHAN IN Equity,COAL IN Equity,,,,,,,,,,,,,,,,,,,,,,,,,,,,,,,,,,,,,,,,,,
FB IN Equity,MRL IN Equity,,,,,,,,,,,,,,,,,,,,,,,,,,,,,,,,,,,,,,,,,,
IDFC IN Equity,MRCO IN Equity,,,,,,,,,,,,,,,,,,,,,,,,,,,,,,,,,,,,,,,,,,
KVB IN Equity,AWLTD IN Equity,,,,,,,,,,,,,,,,,,,,,,,,,,,,,,,,,LICI IN Equity,,,,,,,,,
CUBK IN Equity,PATANJAL IN Equity,,,,,,,,,,,,,,,,,,,,,,,,,,,,,,,,,HDFCLIFE IN Equity,,,,,,,,,
JKBK IN Equity,ATFL IN Equity,,,,,,,,,,,,,,,,,,,,,,,,,,,,,,,,,SBILIFE IN Equity,,,,,,,,,
KBL IN Equity,SHRS IN Equity,,,,,,,,,,,,,,,,,,,,,,,,,,,,,,,,,IPRU IN Equity,,,,,,,,,
SIB IN Equity,BRCM IN Equity,,,,,,,,,,,,,,,,,,,,,,,,,,,,,,,,,,,,,,,,,,
DCBB IN Equity,BJH IN Equity,,,,,,,,,,,,,,,,,,,,,,,,,,,,,,,,,,,,,,,,,,
DCB IN Equity,TATACONS IN Equity,,,,,,,,,,,,,,,,,,,,,,,,,,,,,,,,,,,,,,,,,,
AUBANK IN Equity,CCLP IN Equity,,,,,,,,,,,,,,,,,,,,,,,,,,,,,,,,,,,,,,,,,,
HDFCAMC IN Equity,TCO IN Equity,,,,,,,,,,,,,,,,,,,,,,,,,,,,,,,,,,,,,,,,,,
ICRA IN Equity,ANY IN Equity,,,,,,,,,,,,,,,,,,,,,,,,,,,,,,,,,,,,,,,,,,
CARE IN Equity,KRB IN Equity,,,,,,,,,,,,,,,,,,,,,,,,,,,,,,,,,,,,,,,,,,
MCX IN Equity,KSCL IN Equity,,,,,,,,,,,,,,,,,,,,,,,,,,,,,,,,,,,,,,,,,,
ISEC IN Equity,UNSP IN Equity,,,,,,,,,,,,,,,,,,,,,,,,,,,,,,,,,,,,,,,,,,
MOFS IN Equity,UBBL IN Equity,,,,,,,,,,,,,,,,,,,,,,,,,,,,,,,,,,,,,,,,,,
ICICIGI IN Equity,TLNGR IN Equity,,,,,,,,,,,,,,,,,,,,,,,,,,,,,,,,,,,,,,,,,,
GICRE IN Equity,VBL IN Equity,,,,,,,,,,,,,,,,,,,,,,,,,,,,,,,,,,,,,,,,,,
STARHEAL IN Equity,GP IN Equity,,,,,,,,,,,,,,,,,,,,,,,,,,,,,,,,,,,,,,,,,,
NIACL IN Equity,VST IN Equity,,,,,,,,,,,,,,,,,,,,,,,,,,,,,,,,,,,,,,,,,,
PAYTM IN Equity,HTSMF IN Equity,,,,,,,,,,,,,,,,,,,,,,,,,,,,,,,,,,,,,,,,,,
POLICYBZ IN Equity,NEST IN Equity,,,,,,,,,,,,,,,,,,,,,,,,,,,,,,,,,,,,,,,,,,
SUNP IN Equity,BRIT IN Equity,,,,,,,,,,,,,,,,,,,,,,,,,,,,,,,,,,,,,,,,,,
CIPLA IN Equity,ZYWL IN Equity,,,,,,,,,,,,,,,,,,,,,,,,,,,,,,,,,,,,,,,,,,
DIVI IN Equity,BBTC IN Equity,,,,,,,,,,,,,,,,,,,,,,,,,,,,,,,,,,,,,,,,,,
DRRD IN Equity,GCPL IN Equity,,,,,,,,,,,,,,,,,,,,,,,,,,,,,,,,,,,,,,,,,,
MANKIND IN Equity,DABUR IN Equity,,,,,,,,,,,,,,,,,,,,,,,,,,,,,,,,,,,,,,,,,,
ZYDUSLIF IN Equity,CLGT IN Equity,,,,,,,,,,,,,,,,,,,,,,,,,,,,,,,,,,,,,,,,,,
LPC IN Equity,PG IN Equity,,,,,,,,,,,,,,,,,,,,,,,,,,,,,,,,,,,,,,,,,,
BOOT IN Equity,HMN IN Equity,,,,,,,,,,,,,,,,,,,,,,,,,,,,,,,,,,,,,,,,,,
ARBP IN Equity,GILL IN Equity,,,,,,,,,,,,,,,,,,,,,,,,,,,,,,,,,,,,,,,,,,
ALKEM IN Equity,BAJAJCON IN Equity,,,,,,,,,,,,,,,,,,,,,,,,,,,,,,,,,,,,,,,,,,
BIOS IN Equity,JYL IN Equity,,,,,,,,,,,,,,,,,,,,,,,,,,,,,,,,,,,,,,,,,,
GLAND IN Equity,EVRIN IN Equity,,,,,,,,,,,,,,,,,,,,,,,,,,,,,,,,,,,,,,,,,,
GLXO IN Equity,HUVR IN Equity,,,,,,,,,,,,,,,,,,,,,,,,,,,,,,,,,,,,,,,,,,
IPCA IN Equity,ITC IN Equity,,,,,,,,,,,,,,,,,,,,,,,,,,,,,,,,,,,,,,,,,,
AJP IN Equity,3M IN Equity,,,,,,,,,,,,,,,,,,,,,,,,,,,,,,,,,,,,,,,,,,
GNP IN Equity,LT IN Equity,,,,,,,,,,,,,,,,,,,,,,,,,,,,,,,,,,,,,,,,,,
LAURUS IN Equity,RVNL IN Equity,,,,,,,,,,,,,,,,,,,,,,,,,,,,,,,,,,,,,,,,,,
JBCP IN Equity,IRB IN Equity,,,,,,,,,,,,,,,,,,,,,,,,,,,,,,,,,,,,,,,,,,
PFIZ IN Equity,NJCC IN Equity,,,,,,,,,,,,,,,,,,,,,,,,,,,,,,,,,,,,,,,,,,
360ONE IN Equity,NBCC IN Equity,,,,,,,,,,,,,,,,,,,,,,,,,,,,,,,,,,,,,,,,,,
NTCPH IN Equity,ENGR IN Equity,,,,,,,,,,,,,,,,,,,,,,,,,,,,,,,,,,,,,,,,,,
SANL IN Equity,PNCL IN Equity,,,,,,,,,,,,,,,,,,,,,,,,,,,,,,,,,,,,,,,,,,
ALPM IN Equity,ION IN Equity,,,,,,,,,,,,,,,,,,,,,,,,,,,,,,,,,,,,,,,,,,
ASTR IN Equity,IGSEC IN Equity,,,,,,,,,,,,,,,,,,,,,,,,,,,,,,,,,,,,,,,,,,
SPADV IN Equity,PEC IN Equity,,,,,,,,,,,,,,,,,,,,,,,,,,,,,,,,,,,,,,,,,,
JUBLPHAR IN Equity,HCC IN Equity,,,,,,,,,,,,,,,,,,,,,,,,,,,,,,,,,,,,,,,,,,
GRAN IN Equity,ASBL IN Equity,,,,,,,,,,,,,,,,,,,,,,,,,,,,,,,,,,,,,,,,,,
FDCLT IN Equity,JPA IN Equity,,,,,,,,,,,,,,,,,,,,,,,,,,,,,,,,,,,,,,,,,,
ARTD IN Equity,SEPC IN Equity,,,,,,,,,,,,,,,,,,,,,,,,,,,,,,,,,,,,,,,,,,
MRKS IN Equity,HNAL IN Equity,,,,,,,,,,,,,,,,,,,,,,,,,,,,,,,,,,,,,,,,,,
STR IN Equity,BHE IN Equity,,,,,,,,,,,,,,,,,,,,,,,,,,,,,,,,,,,,,,,,,,
HKCI IN Equity,BDL IN Equity,,,,,,,,,,,,,,,,,,,,,,,,,,,,,,,,,,,,,,,,,,
WPL IN Equity,ASTM IN Equity,,,,,,,,,,,,,,,,,,,,,,,,,,,,,,,,,,,,,,,,,,
SLPA IN Equity,ESCORTS IN Equity,,,,,,,,,,,,,,,,,,,,,,,,,,,,,,,,,,,,,,,,,,
UL IN Equity,AL IN Equity,,,,,,,,,,,,,,,,,,,,,,,,,,,,,,,,,,,,,,,,,,
INDR IN Equity,SM IN Equity,,,,,,,,,,,,,,,,,,,,,,,,,,,,,,,,,,,,,,,,,,
ORCP IN Equity,BEML IN Equity,,,,,,,,,,,,,,,,,,,,,,,,,,,,,,,,,,,,,,,,,,
ICP IN Equity,SIEM IN Equity,,,,,,,,,,,,,,,,,,,,,,,,,,,,,,,,,,,,,,,,,,
HCBA IN Equity,ABB IN Equity,,,,,,,,,,,,,,,,,,,,,,,,,,,,,,,,,,,,,,,,,,
APHS IN Equity,CGPOWER IN Equity,,,,,,,,,,,,,,,,,,,,,,,,,,,,,,,,,,,,,,,,,,
MAXHEALT IN Equity,BHEL IN Equity,,,,,,,,,,,,,,,,,,,,,,,,,,,,,,,,,,,,,,,,,,
FORH IN Equity,SUEL IN Equity,,,,,,,,,,,,,,,,,,,,,,,,,,,,,,,,,,,,,,,,,,
NARH IN Equity,TMX IN Equity,,,,,,,,,,,,,,,,,,,,,,,,,,,,,,,,,,,,,,,,,,
MEDANTA IN Equity,POWERIND IN Equity,,,,,,,,,,,,,,,,,,,,,,,,,,,,,,,,,,,,,,,,,,
DLPL IN Equity,KECI IN Equity,,,,,,,,,,,,,,,,,,,,,,,,,,,,,,,,,,,,,,,,,,
SYNG IN Equity,TRIV IN Equity,,,,,,,,,,,,,,,,,,,,,,,,,,,,,,,,,,,,,,,,,,
SVLS IN Equity,SCHN IN Equity,,,,,,,,,,,,,,,,,,,,,,,,,,,,,,,,,,,,,,,,,,
TCS IN Equity,GETD IN Equity,,,,,,,,,,,,,,,,,,,,,,,,,,,,,,,,,,,,,,,,,,
INFO IN Equity,APR IN Equity,,,,,,,,,,,,,,,,,,,,,,,,,,,,,,,,,,,,,,,,,,
HCLT IN Equity,TRIL IN Equity,,,,,,,,,,,,,,,,,,,,,,,,,,,,,,,,,,,,,,,,,,
WPRO IN Equity,TITAGARH IN Equity,,,,,,,,,,,,,,,,,,,,,,,,,,,,,,,,,,,,,,,,,,
LTIM IN Equity,MAZDOCKS IN Equity,,,,,,,,,,,,,,,,,,,,,,,,,,,,,,,,,,,,,,,,,,
TECHM IN Equity,HWA IN Equity,,,,,,,,,,,,,,,,,,,,,,,,,,,,,,,,,,,,,,,,,,
MPHL IN Equity,LMW IN Equity,,,,,,,,,,,,,,,,,,,,,,,,,,,,,,,,,,,,,,,,,,
TELX IN Equity,PRJ IN Equity,,,,,,,,,,,,,,,,,,,,,,,,,,,,,,,,,,,,,,,,,,
PSYS IN Equity,KOEL IN Equity,,,,,,,,,,,,,,,,,,,,,,,,,,,,,,,,,,,,,,,,,,
COFORGE IN Equity,KNM IN Equity,,,,,,,,,,,,,,,,,,,,,,,,,,,,,,,,,,,,,,,,,,
KPITTECH IN Equity,TXMRE IN Equity,,,,,,,,,,,,,,,,,,,,,,,,,,,,,,,,,,,,,,,,,,
SSOF IN Equity,HLEGLAS IN Equity,,,,,,,,,,,,,,,,,,,,,,,,,,,,,,,,,,,,,,,,,,
BSOFT IN Equity,HONDAPWR IN Equity,,,,,,,,,,,,,,,,,,,,,,,,,,,,,,,,,,,,,,,,,,
ZENT IN Equity,DYTC IN Equity,,,,,,,,,,,,,,,,,,,,,,,,,,,,,,,,,,,,,,,,,,
INDA IN Equity,PSL IN Equity,,,,,,,,,,,,,,,,,,,,,,,,,,,,,,,,,,,,,,,,,,
ACCELYA IN Equity,HMT IN Equity,,,,,,,,,,,,,,,,,,,,,,,,,,,,,,,,,,,,,,,,,,
63MOONS IN Equity,EKCL IN Equity,,,,,,,,,,,,,,,,,,,,,,,,,,,,,,,,,,,,,,,,,,
OFSS IN Equity,POLYCAB IN Equity,,,,,,,,,,,,,,,,,,,,,,,,,,,,,,,,,,,,,,,,,,
LTTS IN Equity,KEII IN Equity,,,,,,,,,,,,,,,,,,,,,,,,,,,,,,,,,,,,,,,,,,
CYL IN Equity,FNXC IN Equity,,,,,,,,,,,,,,,,,,,,,,,,,,,,,,,,,,,,,,,,,,
HAPPSTMN IN Equity,BHFC IN Equity,,,,,,,,,,,,,,,,,,,,,,,,,,,,,,,,,,,,,,,,,,
BCG IN Equity,AIAE IN Equity,,,,,,,,,,,,,,,,,,,,,,,,,,,,,,,,,,,,,,,,,,
VKI IN Equity,CIEINDIA IN Equity,,,,,,,,,,,,,,,,,,,,,,,,,,,,,,,,,,,,,,,,,,
NELCO IN Equity,RMKF IN Equity,,,,,,,,,,,,,,,,,,,,,,,,,,,,,,,,,,,,,,,,,,
BLCL IN Equity,MMFG IN Equity,,,,,,,,,,,,,,,,,,,,,,,,,,,,,,,,,,,,,,,,,,
,AGIG IN Equity,,,,,,,,,,,,,,,,,,,,,,,,,,,,,,,,,,,,,,,,,,
,TPC IN Equity,,,,,,,,,,,,,,,,,,,,,,,,,,,,,,,,,,,,,,,,,,
,UFLX IN Equity,,,,,,,,,,,,,,,,,,,,,,,,,,,,,,,,,,,,,,,,,,
,JDPF IN Equity,,,,,,,,,,,,,,,,,,,,,,,,,,,,,,,,,,,,,,,,,,
,ASTRA IN Equity,,,,,,,,,,,,,,,,,,,,,,,,,,,,,,,,,,,,,,,,,,
,FNXP IN Equity,,,,,,,,,,,,,,,,,,,,,,,,,,,,,,,,,,,,,,,,,,
,JFI IN Equity,,,,,,,,,,,,,,,,,,,,,,,,,,,,,,,,,,,,,,,,,,
,JI IN Equity,,,,,,,,,,,,,,,,,,,,,,,,,,,,,,,,,,,,,,,,,,
,TIME IN Equity,,,,,,,,,,,,,,,,,,,,,,,,,,,,,,,,,,,,,,,,,,
,BORORENE IN Equity,,,,,,,,,,,,,,,,,,,,,,,,,,,,,,,,,,,,,,,,,,
,APAT IN Equity,,,,,,,,,,,,,,,,,,,,,,,,,,,,,,,,,,,,,,,,,,
,RMT IN Equity,,,,,,,,,,,,,,,,,,,,,,,,,,,,,,,,,,,,,,,,,,
,JSAW IN Equity,,,,,,,,,,,,,,,,,,,,,,,,,,,,,,,,,,,,,,,,,,
,USM IN Equity,,,,,,,,,,,,,,,,,,,,,,,,,,,,,,,,,,,,,,,,,,
,WLCO IN Equity,,,,,,,,,,,,,,,,,,,,,,,,,,,,,,,,,,,,,,,,,,
,GODPI IN Equity,,,,,,,,,,,,,,,,,,,,,,,,,,,,,,,,,,,,,,,,,,
,SEML IN Equity,,,,,,,,,,,,,,,,,,,,,,,,,,,,,,,,,,,,,,,,,,
,MHS IN Equity,,,,,,,,,,,,,,,,,,,,,,,,,,,,,,,,,,,,,,,,,,
,SYR IN Equity,,,,,,,,,,,,,,,,,,,,,,,,,,,,,,,,,,,,,,,,,,
,TIIL IN Equity,,,,,,,,,,,,,,,,,,,,,,,,,,,,,,,,,,,,,,,,,,
,ELSC IN Equity,,,,,,,,,,,,,,,,,,,,,,,,,,,,,,,,,,,,,,,,,,
,SUNF IN Equity,,,,,,,,,,,,,,,,,,,,,,,,,,,,,,,,,,,,,,,,,,
,TATASLPL IN Equity,,,,,,,,,,,,,,,,,,,,,,,,,,,,,,,,,,,,,,,,,,
,NGE IN Equity,,,,,,,,,,,,,,,,,,,,,,,,,,,,,,,,,,,,,,,,,,
,MUK IN Equity,,,,,,,,,,,,,,,,,,,,,,,,,,,,,,,,,,,,,,,,,,
,GALL IN Equity,,,,,,,,,,,,,,,,,,,,,,,,,,,,,,,,,,,,,,,,,,
,STEC IN Equity,,,,,,,,,,,,,,,,,,,,,,,,,,,,,,,,,,,,,,,,,,
,KS IN Equity,,,,,,,,,,,,,,,,,,,,,,,,,,,,,,,,,,,,,,,,,,
,JSWISPL IN Equity,,,,,,,,,,,,,,,,,,,,,,,,,,,,,,,,,,,,,,,,,,
,JSWISPL IN Equity,,,,,,,,,,,,,,,,,,,,,,,,,,,,,,,,,,,,,,,,,,
,GLIN IN Equity,,,,,,,,,,,,,,,,,,,,,,,,,,,,,,,,,,,,,,,,,,
,GLIN IN Equity,,,,,,,,,,,,,,,,,,,,,,,,,,,,,,,,,,,,,,,,,,
,SKF IN Equity,,,,,,,,,,,,,,,,,,,,,,,,,,,,,,,,,,,,,,,,,,
,GWN IN Equity,,,,,,,,,,,,,,,,,,,,,,,,,,,,,,,,,,,,,,,,,,
,TMKN IN Equity,,,,,,,,,,,,,,,,,,,,,,,,,,,,,,,,,,,,,,,,,,
,KKC IN Equity,,,,,,,,,,,,,,,,,,,,,,,,,,,,,,,,,,,,,,,,,,
,ELEQ IN Equity,,,,,,,,,,,,,,,,,,,,,,,,,,,,,,,,,,,,,,,,,,
,INGR IN Equity,,,,,,,,,,,,,,,,,,,,,,,,,,,,,,,,,,,,,,,,,,
,KKB IN Equity,,,,,,,,,,,,,,,,,,,,,,,,,,,,,,,,,,,,,,,,,,
,KKPC IN Equity,,,,,,,,,,,,,,,,,,,,,,,,,,,,,,,,,,,,,,,,,,
,GRV IN Equity,,,,,,,,,,,,,,,,,,,,,,,,,,,,,,,,,,,,,,,,,,
,SKPI IN Equity,,,,,,,,,,,,,,,,,,,,,,,,,,,,,,,,,,,,,,,,,,
,CU IN Equity,,,,,,,,,,,,,,,,,,,,,,,,,,,,,,,,,,,,,,,,,,
,GRIL IN Equity,,,,,,,,,,,,,,,,,,,,,,,,,,,,,,,,,,,,,,,,,,
,HEG IN Equity,,,,,,,,,,,,,,,,,,,,,,,,,,,,,,,,,,,,,,,,,,
,INDIGO IN Equity,,,,,,,,,,,,,,,,,,,,,,,,,,,,,,,,,,,,,,,,,,
,SJET IN Equity,,,,,,,,,,,,,,,,,,,,,,,,,,,,,,,,,,,,,,,,,,
,CCRI IN Equity,,,,,,,,,,,,,,,,,,,,,,,,,,,,,,,,,,,,,,,,,,
,BDE IN Equity,,,,,,,,,,,,,,,,,,,,,,,,,,,,,,,,,,,,,,,,,,
,AGLL IN Equity,,,,,,,,,,,,,,,,,,,,,,,,,,,,,,,,,,,,,,,,,,
,TRPC IN Equity,,,,,,,,,,,,,,,,,,,,,,,,,,,,,,,,,,,,,,,,,,
,VRLL IN Equity,,,,,,,,,,,,,,,,,,,,,,,,,,,,,,,,,,,,,,,,,,
,GRFL IN Equity,,,,,,,,,,,,,,,,,,,,,,,,,,,,,,,,,,,,,,,,,,
,RIIL IN Equity,,,,,,,,,,,,,,,,,,,,,,,,,,,,,,,,,,,,,,,,,,
,GESCO IN Equity,,,,,,,,,,,,,,,,,,,,,,,,,,,,,,,,,,,,,,,,,,
,SCI IN Equity,,,,,,,,,,,,,,,,,,,,,,,,,,,,,,,,,,,,,,,,,,
,GMRI IN Equity,,,,,,,,,,,,,,,,,,,,,,,,,,,,,,,,,,,,,,,,,,
,ADSEZ IN Equity,,,,,,,,,,,,,,,,,,,,,,,,,,,,,,,,,,,,,,,,,,
,GPPV IN Equity,,,,,,,,,,,,,,,,,,,,,,,,,,,,,,,,,,,,,,,,,,
,BFUT IN Equity,,,,,,,,,,,,,,,,,,,,,,,,,,,,,,,,,,,,,,,,,,
,REDI IN Equity,,,,,,,,,,,,,,,,,,,,,,,,,,,,,,,,,,,,,,,,,,
,MMTC IN Equity,,,,,,,,,,,,,,,,,,,,,,,,,,,,,,,,,,,,,,,,,,
,SECIS IN Equity,,,,,,,,,,,,,,,,,,,,,,,,,,,,,,,,,,,,,,,,,,
,NSE IN Equity,,,,,,,,,,,,,,,,,,,,,,,,,,,,,,,,,,,,,,,,,,
,FSOL IN Equity,,,,,,,,,,,,,,,,,,,,,,,,,,,,,,,,,,,,,,,,,,
,ECLX IN Equity,,,,,,,,,,,,,,,,,,,,,,,,,,,,,,,,,,,,,,,,,,
,HGSL IN Equity,,,,,,,,,,,,,,,,,,,,,,,,,,,,,,,,,,,,,,,,,,
,GDSP IN Equity,,,,,,,,,,,,,,,,,,,,,,,,,,,,,,,,,,,,,,,,,,
,HMFC IN Equity,,,,,,,,,,,,,,,,,,,,,,,,,,,,,,,,,,,,,,,,,,
,BHARTI IN Equity,,,,,,,,,,,,,,,,,,,,,,,,,,,,,,,,,,,,,,,,,,
,TCOM IN Equity,,,,,,,,,,,,,,,,,,,,,,,,,,,,,,,,,,,,,,,,,,
,IDEA IN Equity,,,,,,,,,,,,,,,,,,,,,,,,,,,,,,,,,,,,,,,,,,
,TTLS IN Equity,,,,,,,,,,,,,,,,,,,,,,,,,,,,,,,,,,,,,,,,,,
,VI IN Equity,,,,,,,,,,,,,,,,,,,,,,,,,,,,,,,,,,,,,,,,,,
,MTNL IN Equity,,,,,,,,,,,,,,,,,,,,,,,,,,,,,,,,,,,,,,,,,,
,INDUSTOW IN Equity,,,,,,,,,,,,,,,,,,,,,,,,,,,,,,,,,,,,,,,,,,
,SOTL IN Equity,,,,,,,,,,,,,,,,,,,,,,,,,,,,,,,,,,,,,,,,,,
,VCL IN Equity,,,,,,,,,,,,,,,,,,,,,,,,,,,,,,,,,,,,,,,,,,
,NTPC IN Equity,,,,,,,,,,,,,,,,,,,,,,,,,,,,,,,,,,,,,,,,,,
,ADANIGR IN Equity,,,,,,,,,,,,,,,,,,,,,,,,,,,,,,,,,,,,,,,,,,
,JSW IN Equity,,,,,,,,,,,,,,,,,,,,,,,,,,,,,,,,,,,,,,,,,,
,NHPC IN Equity,,,,,,,,,,,,,,,,,,,,,,,,,,,,,,,,,,,,,,,,,,
,SJVN IN Equity,,,,,,,,,,,,,,,,,,,,,,,,,,,,,,,,,,,,,,,,,,
,NLC IN Equity,,,,,,,,,,,,,,,,,,,,,,,,,,,,,,,,,,,,,,,,,,
,RPWR IN Equity,,,,,,,,,,,,,,,,,,,,,,,,,,,,,,,,,,,,,,,,,,
,NAVA IN Equity,,,,,,,,,,,,,,,,,,,,,,,,,,,,,,,,,,,,,,,,,,
,JPVL IN Equity,,,,,,,,,,,,,,,,,,,,,,,,,,,,,,,,,,,,,,,,,,
,TPWR IN Equity,,,,,,,,,,,,,,,,,,,,,,,,,,,,,,,,,,,,,,,,,,
,TPW IN Equity,,,,,,,,,,,,,,,,,,,,,,,,,,,,,,,,,,,,,,,,,,
,CESC IN Equity,,,,,,,,,,,,,,,,,,,,,,,,,,,,,,,,,,,,,,,,,,
,RELI IN Equity,,,,,,,,,,,,,,,,,,,,,,,,,,,,,,,,,,,,,,,,,,
,RTPOW IN Equity,,,,,,,,,,,,,,,,,,,,,,,,,,,,,,,,,,,,,,,,,,
,DPSC IN Equity,,,,,,,,,,,,,,,,,,,,,,,,,,,,,,,,,,,,,,,,,,
,PTCIN IN Equity,,,,,,,,,,,,,,,,,,,,,,,,,,,,,,,,,,,,,,,,,,
,PWGR IN Equity,,,,,,,,,,,,,,,,,,,,,,,,,,,,,,,,,,,,,,,,,,
,ADANIENS IN Equity,,,,,,,,,,,,,,,,,,,,,,,,,,,,,,,,,,,,,,,,,,
,KPIL IN Equity,,,,,,,,,,,,,,,,,,,,,,,,,,,,,,,,,,,,,,,,,,
,VATW IN Equity,,,,,,,,,,,,,,,,,,,,,,,,,,,,,,,,,,,,,,,,,,
